<?xml version="1.0" encoding="UTF-8"?>
<DEFECTS>
  <DEFECT>
    <SFA>
      <FILEPATH>D:\SDKs\SDL2\include\</FILEPATH>
      <FILENAME>SDL_rect.h</FILENAME>
      <LINE>102</LINE>
      <COLUMN>28</COLUMN>
    </SFA>
    <DEFECTCODE>26812</DEFECTCODE>
    <DESCRIPTION>The enum type 'SDL_bool' is unscoped. Prefer 'enum class' over 'enum' (Enum.3).</DESCRIPTION>
    <FUNCTION>SDL_PointInRect</FUNCTION>
    <DECORATED>SDL_PointInRect</DECORATED>
    <FUNCLINE>99</FUNCLINE>
    <PATH></PATH>
  </DEFECT>
  <DEFECT>
    <SFA>
      <FILEPATH>D:\repos\TopdownBeatemup\TopdownBeatemup\</FILEPATH>
      <FILENAME>Scenes.cpp</FILENAME>
      <LINE>185</LINE>
      <COLUMN>7</COLUMN>
    </SFA>
    <DEFECTCODE>26495</DEFECTCODE>
    <DESCRIPTION>Variable 'Scenes::Menu::mIntKeyboard' is uninitialized. Always initialize a member variable (type.6).</DESCRIPTION>
    <FUNCTION>Scenes::Menu::{ctor}</FUNCTION>
    <DECORATED>??0Menu@Scenes@@QAE@PAVCollisionManager@@PAVResourceManager@@PAVEventManager@@PAUSDL_Renderer@@PAV?$vector@PAVEntity@@V?$allocator@PAVEntity@@@std@@@std@@PAV?$vector@PAVGameObject@@V?$allocator@PAVGameObject@@@std@@@7@@Z</DECORATED>
    <FUNCLINE>185</FUNCLINE>
    <ADDITIONALINFO>
      <targetSymbol>Scenes::Menu::mIntKeyboard</targetSymbol>
    </ADDITIONALINFO>
    <PATH></PATH>
  </DEFECT>
  <DEFECT>
    <SFA>
      <FILEPATH>D:\repos\TopdownBeatemup\TopdownBeatemup\</FILEPATH>
      <FILENAME>Scenes.cpp</FILENAME>
      <LINE>185</LINE>
      <COLUMN>7</COLUMN>
    </SFA>
    <DEFECTCODE>26495</DEFECTCODE>
    <DESCRIPTION>Variable 'Scenes::Menu::mIntMouse' is uninitialized. Always initialize a member variable (type.6).</DESCRIPTION>
    <FUNCTION>Scenes::Menu::{ctor}</FUNCTION>
    <DECORATED>??0Menu@Scenes@@QAE@PAVCollisionManager@@PAVResourceManager@@PAVEventManager@@PAUSDL_Renderer@@PAV?$vector@PAVEntity@@V?$allocator@PAVEntity@@@std@@@std@@PAV?$vector@PAVGameObject@@V?$allocator@PAVGameObject@@@std@@@7@@Z</DECORATED>
    <FUNCLINE>185</FUNCLINE>
    <ADDITIONALINFO>
      <targetSymbol>Scenes::Menu::mIntMouse</targetSymbol>
    </ADDITIONALINFO>
    <PATH></PATH>
  </DEFECT>
  <DEFECT>
    <SFA>
      <FILEPATH>D:\repos\TopdownBeatemup\TopdownBeatemup\</FILEPATH>
      <FILENAME>Scenes.cpp</FILENAME>
      <LINE>185</LINE>
      <COLUMN>7</COLUMN>
    </SFA>
    <DEFECTCODE>26495</DEFECTCODE>
    <DESCRIPTION>Variable 'Scenes::Menu::mIntGoal' is uninitialized. Always initialize a member variable (type.6).</DESCRIPTION>
    <FUNCTION>Scenes::Menu::{ctor}</FUNCTION>
    <DECORATED>??0Menu@Scenes@@QAE@PAVCollisionManager@@PAVResourceManager@@PAVEventManager@@PAUSDL_Renderer@@PAV?$vector@PAVEntity@@V?$allocator@PAVEntity@@@std@@@std@@PAV?$vector@PAVGameObject@@V?$allocator@PAVGameObject@@@std@@@7@@Z</DECORATED>
    <FUNCLINE>185</FUNCLINE>
    <ADDITIONALINFO>
      <targetSymbol>Scenes::Menu::mIntGoal</targetSymbol>
    </ADDITIONALINFO>
    <PATH></PATH>
  </DEFECT>
</DEFECTS>